	EventID	SubjectUserName	Time
0	1		1623416835.0
1	10		1623416835.0
2	10		1623416835.0
3	7		1623416835.0
4	7		1623416835.0
5	7		1623416835.0
6	7		1623416835.0
7	10		1623416835.0
8	7		1623416835.0
9	7		1623416835.0
10	7		1623416835.0
11	7		1623416835.0
12	7		1623416835.0
13	7		1623416835.0
14	7		1623416835.0
15	7		1623416835.0
16	7		1623416835.0
17	7		1623416835.0
18	5		1623416837.0
19	26		1623416837.0
20	11		1623416837.0
21	1		1623416837.0
22	10		1623416837.0
23	10		1623416837.0
24	7		1623416837.0
25	7		1623416837.0
26	7		1623416837.0
27	7		1623416837.0
28	10		1623416837.0
29	7		1623416837.0
30	7		1623416837.0
31	7		1623416837.0
32	7		1623416837.0
33	7		1623416837.0
34	7		1623416837.0
35	7		1623416837.0
36	7		1623416837.0
37	7		1623416837.0
38	7		1623416837.0
39	7		1623416837.0
40	7		1623416837.0
41	7		1623416837.0
42	7		1623416837.0
43	7		1623416837.0
44	26		1623416837.0
45	11		1623416837.0
46	5		1623416837.0
47	26		1623416837.0
48	11		1623416837.0
49	1		1623416837.0
50	10		1623416837.0
51	10		1623416837.0
52	7		1623416837.0
53	7		1623416837.0
54	7		1623416837.0
55	7		1623416837.0
56	10		1623416837.0
57	7		1623416837.0
58	7		1623416837.0
59	7		1623416837.0
60	7		1623416837.0
61	7		1623416837.0
62	7		1623416837.0
63	7		1623416837.0
64	7		1623416837.0
65	7		1623416837.0
66	7		1623416837.0
67	5		1623416838.0
68	13		1623416838.0
69	1		1623416838.0
70	10		1623416838.0
71	10		1623416838.0
72	7		1623416838.0
73	7		1623416838.0
74	7		1623416838.0
75	7		1623416838.0
76	1		1623416838.0
77	13		1623416838.0
78	1		1623416838.0
79	10		1623416838.0
80	10		1623416838.0
81	7		1623416838.0
82	7		1623416838.0
83	7		1623416838.0
84	7		1623416838.0
85	7		1623416838.0
86	7		1623416838.0
87	7		1623416838.0
88	7		1623416838.0
89	10		1623416838.0
90	10		1623416838.0
91	7		1623416838.0
92	7		1623416838.0
93	7		1623416838.0
94	7		1623416838.0
95	7		1623416838.0
96	7		1623416838.0
97	7		1623416838.0
98	7		1623416838.0
99	7		1623416838.0
100	7		1623416838.0
101	7		1623416838.0
102	7		1623416838.0
103	7		1623416838.0
104	10		1623416838.0
105	7		1623416838.0
106	7		1623416838.0
107	7		1623416838.0
108	7		1623416838.0
109	7		1623416838.0
110	7		1623416838.0
111	7		1623416838.0
112	7		1623416838.0
113	7		1623416838.0
114	7		1623416838.0
115	7		1623416838.0
116	7		1623416838.0
117	7		1623416838.0
118	7		1623416838.0
119	7		1623416838.0
120	7		1623416838.0
121	7		1623416838.0
122	7		1623416838.0
123	7		1623416838.0
124	7		1623416838.0
125	7		1623416838.0
126	7		1623416838.0
127	7		1623416838.0
128	10		1623416838.0
129	7		1623416838.0
130	10		1623416838.0
131	7		1623416838.0
132	7		1623416838.0
133	7		1623416838.0
134	10		1623416838.0
135	10		1623416838.0
136	10		1623416838.0
137	7		1623416839.0
138	7		1623416839.0
139	10		1623416839.0
140	10		1623416839.0
141	10		1623416839.0
142	10		1623416839.0
143	10		1623416839.0
144	10		1623416839.0
145	7		1623416839.0
146	7		1623416839.0
147	7		1623416839.0
148	7		1623416839.0
149	7		1623416839.0
150	7		1623416839.0
151	7		1623416839.0
152	10		1623416839.0
153	7		1623416839.0
154	10		1623416839.0
155	10		1623416839.0
156	10		1623416839.0
157	12		1623416839.0
158	13		1623416839.0
159	10		1623416839.0
160	10		1623416839.0
161	10		1623416839.0
162	10		1623416839.0
163	10		1623416839.0
164	10		1623416839.0
165	10		1623416839.0
166	10		1623416839.0
167	10		1623416839.0
168	10		1623416839.0
169	10		1623416839.0
170	10		1623416839.0
171	10		1623416839.0
172	10		1623416839.0
173	10		1623416839.0
174	10		1623416839.0
175	12		1623416839.0
176	10		1623416839.0
177	10		1623416839.0
178	10		1623416839.0
179	10		1623416839.0
180	10		1623416839.0
181	10		1623416839.0
182	10		1623416839.0
183	10		1623416839.0
184	10		1623416839.0
185	10		1623416839.0
186	10		1623416839.0
187	10		1623416839.0
188	10		1623416839.0
189	10		1623416839.0
190	10		1623416839.0
191	10		1623416839.0
192	10		1623416839.0
193	10		1623416839.0
194	13		1623416839.0
195	12		1623416839.0
196	13		1623416839.0
197	13		1623416839.0
198	13		1623416839.0
199	10		1623416839.0
200	10		1623416839.0
201	10		1623416839.0
202	10		1623416839.0
203	10		1623416839.0
204	10		1623416839.0
205	10		1623416839.0
206	10		1623416839.0
207	7		1623416839.0
208	7		1623416839.0
209	7		1623416839.0
210	7		1623416839.0
211	7		1623416839.0
212	7		1623416839.0
213	7		1623416839.0
214	7		1623416839.0
215	7		1623416839.0
216	7		1623416839.0
217	7		1623416839.0
218	10		1623416839.0
219	7		1623416839.0
220	7		1623416839.0
221	13		1623416839.0
222	13		1623416839.0
223	17		1623416839.0
224	26		1623416841.0
225	13		1623416842.0
226	13		1623416842.0
227	5		1623416843.0
228	26		1623416843.0
229	11		1623416843.0
230	1		1623416843.0
231	10		1623416843.0
232	10		1623416843.0
233	7		1623416843.0
234	7		1623416843.0
235	7		1623416843.0
236	7		1623416843.0
237	10		1623416843.0
238	7		1623416843.0
239	7		1623416843.0
240	7		1623416843.0
241	7		1623416843.0
242	7		1623416843.0
243	7		1623416843.0
244	7		1623416843.0
245	7		1623416843.0
246	7		1623416843.0
247	7		1623416843.0
248	7		1623416843.0
249	7		1623416843.0
250	7		1623416843.0
251	7		1623416843.0
252	7		1623416843.0
253	7		1623416843.0
254	7		1623416843.0
255	7		1623416843.0
256	7		1623416843.0
257	7		1623416843.0
258	7		1623416843.0
259	7		1623416843.0
260	7		1623416843.0
261	7		1623416843.0
262	10		1623416843.0
263	10		1623416843.0
264	7		1623416843.0
265	7		1623416843.0
266	7		1623416843.0
267	7		1623416843.0
268	12		1623416843.0
269	12		1623416843.0
270	7		1623416843.0
271	7		1623416843.0
272	7		1623416843.0
273	7		1623416843.0
274	7		1623416843.0
275	7		1623416843.0
276	7		1623416843.0
277	7		1623416843.0
278	7		1623416843.0
279	12		1623416843.0
280	12		1623416843.0
281	12		1623416843.0
282	12		1623416843.0
283	12		1623416843.0
284	12		1623416843.0
285	12		1623416843.0
286	12		1623416843.0
287	12		1623416843.0
288	12		1623416843.0
289	10		1623416843.0
290	10		1623416843.0
291	10		1623416843.0
292	7		1623416843.0
293	7		1623416843.0
294	7		1623416843.0
295	7		1623416843.0
296	7		1623416843.0
297	7		1623416843.0
298	9		1623416843.0
299	10		1623416843.0
300	10		1623416843.0
301	10		1623416843.0
302	10		1623416843.0
303	10		1623416843.0
304	10		1623416843.0
305	10		1623416843.0
306	10		1623416843.0
307	10		1623416843.0
308	10		1623416843.0
309	10		1623416843.0
310	10		1623416843.0
311	10		1623416843.0
312	10		1623416843.0
313	10		1623416843.0
314	10		1623416843.0
315	10		1623416843.0
316	10		1623416843.0
317	10		1623416843.0
318	10		1623416843.0
319	10		1623416843.0
320	10		1623416843.0
321	10		1623416843.0
322	10		1623416843.0
323	10		1623416843.0
324	10		1623416843.0
325	10		1623416843.0
326	10		1623416843.0
327	10		1623416843.0
328	10		1623416843.0
329	10		1623416843.0
330	10		1623416843.0
331	10		1623416843.0
332	10		1623416843.0
333	10		1623416843.0
334	10		1623416843.0
335	10		1623416843.0
336	10		1623416843.0
337	10		1623416843.0
338	10		1623416843.0
339	10		1623416843.0
340	10		1623416843.0
341	10		1623416843.0
342	10		1623416843.0
343	10		1623416843.0
344	10		1623416843.0
345	10		1623416843.0
346	10		1623416843.0
347	10		1623416843.0
348	10		1623416843.0
349	10		1623416843.0
350	10		1623416843.0
351	10		1623416843.0
352	10		1623416843.0
353	10		1623416843.0
354	10		1623416843.0
355	10		1623416843.0
356	10		1623416843.0
357	10		1623416843.0
358	10		1623416843.0
359	10		1623416843.0
360	10		1623416843.0
361	10		1623416843.0
362	10		1623416843.0
363	10		1623416843.0
364	10		1623416843.0
365	10		1623416843.0
366	10		1623416843.0
367	10		1623416843.0
368	10		1623416843.0
369	10		1623416843.0
370	10		1623416843.0
371	10		1623416843.0
372	10		1623416843.0
373	10		1623416843.0
374	10		1623416843.0
375	10		1623416843.0
376	10		1623416843.0
377	10		1623416843.0
378	10		1623416843.0
379	10		1623416843.0
380	10		1623416843.0
381	10		1623416843.0
382	10		1623416843.0
383	10		1623416843.0
384	10		1623416843.0
385	10		1623416843.0
386	10		1623416843.0
387	10		1623416843.0
388	10		1623416843.0
389	10		1623416843.0
390	10		1623416843.0
391	10		1623416843.0
392	10		1623416843.0
393	10		1623416843.0
394	10		1623416843.0
395	10		1623416843.0
396	10		1623416843.0
397	10		1623416843.0
398	10		1623416843.0
399	10		1623416843.0
400	10		1623416843.0
401	10		1623416843.0
402	10		1623416843.0
403	10		1623416843.0
404	10		1623416843.0
405	10		1623416843.0
406	10		1623416843.0
407	10		1623416843.0
408	10		1623416843.0
409	10		1623416843.0
410	10		1623416843.0
411	10		1623416843.0
412	10		1623416843.0
413	10		1623416843.0
414	10		1623416843.0
415	10		1623416843.0
416	10		1623416843.0
417	10		1623416843.0
418	10		1623416843.0
419	10		1623416843.0
420	10		1623416843.0
421	5		1623416843.0
422	13		1623416843.0
423	10		1623416843.0
424	10		1623416843.0
425	10		1623416843.0
426	10		1623416843.0
427	10		1623416843.0
428	10		1623416843.0
429	5		1623416843.0
430	13		1623416843.0
431	10		1623416843.0
432	10		1623416843.0
433	12		1623416843.0
434	13		1623416843.0
435	13		1623416843.0
436	10		1623416843.0
437	10		1623416843.0
438	10		1623416843.0
439	12		1623416843.0
440	10		1623416843.0
441	5		1623416843.0
442	10		1623416843.0
443	13		1623416843.0
444	7		1623416843.0
445	13		1623416843.0
446	13		1623416843.0
447	1		1623416843.0
448	10		1623416843.0
449	10		1623416843.0
450	7		1623416843.0
451	7		1623416843.0
452	7		1623416843.0
453	7		1623416843.0
454	13		1623416843.0
455	1		1623416843.0
456	7		1623416843.0
457	7		1623416843.0
458	7		1623416843.0
459	7		1623416843.0
460	10		1623416843.0
461	7		1623416843.0
462	7		1623416843.0
463	7		1623416843.0
464	7		1623416843.0
465	7		1623416843.0
466	7		1623416843.0
467	7		1623416843.0
468	7		1623416843.0
469	7		1623416843.0
470	10		1623416843.0
471	7		1623416843.0
472	7		1623416843.0
473	7		1623416843.0
474	7		1623416843.0
475	7		1623416843.0
476	7		1623416843.0
477	7		1623416843.0
478	7		1623416843.0
479	7		1623416843.0
480	7		1623416843.0
481	7		1623416843.0
482	7		1623416843.0
483	7		1623416843.0
484	7		1623416843.0
485	7		1623416843.0
486	10		1623416843.0
487	1		1623416843.0
488	10		1623416843.0
489	10		1623416843.0
490	10		1623416843.0
491	12		1623416843.0
492	13		1623416843.0
493	7		1623416843.0
494	7		1623416843.0
495	7		1623416843.0
496	7		1623416843.0
497	10		1623416843.0
498	7		1623416843.0
499	7		1623416843.0
500	7		1623416843.0
501	7		1623416843.0
502	7		1623416843.0
503	7		1623416843.0
504	7		1623416843.0
505	7		1623416843.0
506	7		1623416843.0
507	7		1623416843.0
508	7		1623416843.0
509	7		1623416843.0
510	7		1623416843.0
511	7		1623416843.0
512	7		1623416843.0
513	7		1623416843.0
514	10		1623416843.0
515	10		1623416843.0
516	10		1623416843.0
517	7		1623416843.0
518	7		1623416843.0
519	10		1623416843.0
520	10		1623416843.0
521	10		1623416843.0
522	10		1623416843.0
523	10		1623416843.0
524	10		1623416843.0
525	7		1623416843.0
526	7		1623416843.0
527	7		1623416843.0
528	7		1623416843.0
529	7		1623416843.0
530	7		1623416843.0
531	10		1623416843.0
532	7		1623416843.0
533	26		1623416843.0
534	11		1623416843.0
535	10		1623416843.0
536	10		1623416843.0
537	10		1623416843.0
538	12		1623416843.0
539	13		1623416843.0
540	10		1623416843.0
541	10		1623416843.0
542	10		1623416843.0
543	10		1623416843.0
544	10		1623416843.0
545	10		1623416843.0
546	10		1623416843.0
547	10		1623416843.0
548	10		1623416843.0
549	10		1623416843.0
550	10		1623416843.0
551	10		1623416843.0
552	10		1623416843.0
553	10		1623416843.0
554	10		1623416843.0
555	12		1623416843.0
556	10		1623416843.0
557	10		1623416843.0
558	10		1623416843.0
559	10		1623416843.0
560	10		1623416843.0
561	10		1623416843.0
562	10		1623416843.0
563	10		1623416843.0
564	10		1623416843.0
565	10		1623416843.0
566	10		1623416843.0
567	10		1623416843.0
568	10		1623416843.0
569	10		1623416843.0
570	10		1623416843.0
571	10		1623416843.0
572	10		1623416843.0
573	10		1623416843.0
574	10		1623416843.0
575	10		1623416843.0
576	10		1623416843.0
577	13		1623416843.0
578	13		1623416843.0
579	10		1623416843.0
580	10		1623416843.0
581	10		1623416843.0
582	10		1623416843.0
583	10		1623416843.0
584	10		1623416843.0
585	12		1623416843.0
586	13		1623416843.0
587	13		1623416843.0
588	10		1623416843.0
589	7		1623416843.0
590	7		1623416843.0
591	7		1623416843.0
592	7		1623416843.0
593	7		1623416843.0
594	7		1623416843.0
595	7		1623416843.0
596	7		1623416843.0
597	7		1623416843.0
598	7		1623416843.0
599	7		1623416843.0
600	7		1623416843.0
601	26		1623416843.0
602	11		1623416843.0
603	7		1623416843.0
604	7		1623416843.0
605	26		1623416843.0
606	11		1623416843.0
607	17		1623416843.0
608	10		1623416844.0
609	10		1623416844.0
610	10		1623416844.0
611	26		1623416845.0
612	10		1623416846.0
613	7		1623416846.0
614	10		1623416846.0
615	7		1623416846.0
616	13		1623416846.0
617	13		1623416846.0
618	10		1623416847.0
619	10		1623416847.0
620	10		1623416847.0
621	10		1623416847.0
622	10		1623416847.0
623	10		1623416847.0
624	10		1623416847.0
625	10		1623416847.0
626	10		1623416847.0
627	10		1623416847.0
628	10		1623416847.0
629	10		1623416847.0
630	10		1623416847.0
631	13		1623416847.0
632	13		1623416847.0
633	10		1623416847.0
634	13		1623416847.0
635	13		1623416847.0
636	5		1623416848.0
637	1		1623416848.0
638	10		1623416848.0
639	10		1623416848.0
640	7		1623416848.0
641	7		1623416848.0
642	7		1623416848.0
643	7		1623416848.0
644	10		1623416848.0
645	7		1623416848.0
646	7		1623416848.0
647	7		1623416848.0
648	7		1623416848.0
649	7		1623416848.0
650	7		1623416848.0
651	7		1623416848.0
652	7		1623416848.0
653	7		1623416848.0
654	7		1623416848.0
655	7		1623416848.0
656	7		1623416848.0
657	7		1623416848.0
658	7		1623416848.0
659	7		1623416848.0
660	7		1623416848.0
661	7		1623416848.0
662	7		1623416848.0
663	7		1623416848.0
664	7		1623416848.0
665	7		1623416848.0
666	7		1623416848.0
667	7		1623416848.0
668	7		1623416848.0
669	10		1623416848.0
670	10		1623416848.0
671	7		1623416848.0
672	7		1623416848.0
673	7		1623416848.0
674	7		1623416848.0
675	12		1623416848.0
676	12		1623416848.0
677	7		1623416848.0
678	7		1623416848.0
679	7		1623416848.0
680	7		1623416848.0
681	7		1623416848.0
682	7		1623416848.0
683	7		1623416848.0
684	7		1623416848.0
685	7		1623416848.0
686	10		1623416848.0
687	10		1623416848.0
688	10		1623416848.0
689	10		1623416848.0
690	10		1623416848.0
691	10		1623416848.0
692	10		1623416848.0
693	10		1623416848.0
694	10		1623416848.0
695	10		1623416848.0
696	10		1623416848.0
697	10		1623416848.0
698	10		1623416848.0
699	10		1623416848.0
700	10		1623416848.0
701	10		1623416848.0
702	10		1623416848.0
703	10		1623416848.0
704	10		1623416848.0
705	10		1623416848.0
706	10		1623416848.0
707	10		1623416848.0
708	10		1623416848.0
709	10		1623416848.0
710	10		1623416848.0
711	10		1623416848.0
712	10		1623416848.0
713	10		1623416848.0
714	10		1623416848.0
715	10		1623416848.0
716	10		1623416848.0
717	10		1623416848.0
718	10		1623416848.0
719	10		1623416848.0
720	10		1623416848.0
721	10		1623416848.0
722	10		1623416848.0
723	10		1623416848.0
724	10		1623416848.0
725	10		1623416848.0
726	10		1623416848.0
727	10		1623416848.0
728	10		1623416848.0
729	10		1623416848.0
730	10		1623416848.0
731	10		1623416848.0
732	10		1623416848.0
733	10		1623416848.0
734	10		1623416848.0
735	10		1623416848.0
736	10		1623416848.0
737	10		1623416848.0
738	10		1623416848.0
739	10		1623416848.0
740	10		1623416848.0
741	10		1623416848.0
742	10		1623416848.0
743	10		1623416848.0
744	10		1623416848.0
745	10		1623416848.0
746	10		1623416848.0
747	10		1623416848.0
748	10		1623416848.0
749	10		1623416848.0
750	10		1623416848.0
751	10		1623416848.0
752	10		1623416848.0
753	10		1623416848.0
754	10		1623416848.0
755	10		1623416848.0
756	10		1623416848.0
757	10		1623416848.0
758	10		1623416848.0
759	10		1623416848.0
760	10		1623416848.0
761	10		1623416848.0
762	10		1623416848.0
763	10		1623416848.0
764	10		1623416848.0
765	10		1623416848.0
766	10		1623416848.0
767	10		1623416848.0
768	10		1623416848.0
769	10		1623416848.0
770	10		1623416848.0
771	10		1623416848.0
772	10		1623416848.0
773	10		1623416848.0
774	10		1623416848.0
775	10		1623416848.0
776	10		1623416848.0
777	10		1623416848.0
778	10		1623416848.0
779	10		1623416848.0
780	10		1623416848.0
781	10		1623416848.0
782	10		1623416848.0
783	10		1623416848.0
784	10		1623416848.0
785	10		1623416848.0
786	10		1623416848.0
787	10		1623416848.0
788	10		1623416848.0
789	10		1623416848.0
790	10		1623416848.0
791	10		1623416848.0
792	10		1623416848.0
793	10		1623416848.0
794	10		1623416848.0
795	10		1623416848.0
796	10		1623416848.0
797	10		1623416848.0
798	10		1623416848.0
799	10		1623416848.0
800	10		1623416848.0
801	10		1623416848.0
802	10		1623416848.0
803	10		1623416848.0
804	10		1623416848.0
805	10		1623416848.0
806	10		1623416848.0
807	7		1623416848.0
808	10		1623416848.0
809	5		1623416848.0
810	13		1623416848.0
811	12		1623416848.0
812	5		1623416848.0
813	13		1623416848.0
814	12		1623416848.0
815	5		1623416848.0
816	13		1623416848.0
817	1		1623416848.0
818	10		1623416848.0
819	10		1623416848.0
820	1		1623416848.0
821	10		1623416848.0
822	7		1623416848.0
823	10		1623416848.0
824	7		1623416848.0
825	7		1623416848.0
826	7		1623416848.0
827	7		1623416848.0
828	13		1623416848.0
829	1		1623416848.0
830	7		1623416848.0
831	7		1623416848.0
832	7		1623416848.0
833	7		1623416848.0
834	7		1623416848.0
835	7		1623416848.0
836	7		1623416848.0
837	10		1623416848.0
838	7		1623416848.0
839	10		1623416848.0
840	7		1623416848.0
841	7		1623416848.0
842	7		1623416848.0
843	7		1623416848.0
844	7		1623416848.0
845	7		1623416848.0
846	7		1623416848.0
847	7		1623416848.0
848	7		1623416848.0
849	7		1623416848.0
850	7		1623416848.0
851	7		1623416848.0
852	7		1623416848.0
853	7		1623416848.0
854	7		1623416848.0
855	7		1623416848.0
856	7		1623416848.0
857	7		1623416848.0
858	7		1623416848.0
859	7		1623416848.0
860	10		1623416848.0
861	7		1623416848.0
862	7		1623416848.0
863	7		1623416848.0
864	7		1623416848.0
865	7		1623416848.0
866	7		1623416848.0
867	7		1623416848.0
868	7		1623416848.0
869	7		1623416848.0
870	7		1623416848.0
871	7		1623416848.0
872	7		1623416848.0
873	7		1623416848.0
874	7		1623416848.0
875	7		1623416848.0
876	7		1623416848.0
877	7		1623416848.0
878	10		1623416848.0
879	10		1623416848.0
880	12		1623416848.0
881	13		1623416848.0
882	7		1623416848.0
883	7		1623416848.0
884	10		1623416848.0
885	10		1623416848.0
886	10		1623416848.0
887	7		1623416848.0
888	7		1623416848.0
889	10		1623416848.0
890	10		1623416848.0
891	10		1623416848.0
892	10		1623416848.0
893	10		1623416848.0
894	10		1623416848.0
895	7		1623416848.0
896	7		1623416848.0
897	7		1623416848.0
898	7		1623416848.0
899	7		1623416848.0
900	7		1623416848.0
901	10		1623416848.0
902	7		1623416848.0
903	10		1623416848.0
904	10		1623416848.0
905	10		1623416848.0
906	12		1623416848.0
907	13		1623416848.0
908	10		1623416848.0
909	10		1623416848.0
910	10		1623416848.0
911	10		1623416848.0
912	10		1623416848.0
913	10		1623416848.0
914	10		1623416848.0
915	10		1623416848.0
916	10		1623416848.0
917	10		1623416848.0
918	10		1623416848.0
919	10		1623416848.0
920	10		1623416848.0
921	10		1623416848.0
922	10		1623416848.0
923	10		1623416848.0
924	10		1623416848.0
925	12		1623416848.0
926	10		1623416848.0
927	10		1623416848.0
928	10		1623416848.0
929	10		1623416848.0
930	10		1623416848.0
931	10		1623416848.0
932	10		1623416848.0
933	10		1623416848.0
934	10		1623416848.0
935	10		1623416848.0
936	10		1623416848.0
937	10		1623416848.0
938	10		1623416848.0
939	10		1623416848.0
940	10		1623416848.0
941	10		1623416848.0
942	10		1623416848.0
943	13		1623416848.0
944	13		1623416848.0
945	10		1623416848.0
946	10		1623416848.0
947	10		1623416848.0
948	10		1623416848.0
949	10		1623416848.0
950	12		1623416848.0
951	13		1623416848.0
952	13		1623416848.0
953	10		1623416848.0
954	10		1623416848.0
955	7		1623416848.0
956	7		1623416848.0
957	7		1623416848.0
958	7		1623416848.0
959	7		1623416848.0
960	7		1623416848.0
961	7		1623416848.0
962	7		1623416848.0
963	7		1623416848.0
964	7		1623416848.0
965	7		1623416848.0
966	7		1623416848.0
967	7		1623416848.0
968	17		1623416848.0
969	10		1623416849.0
970	10		1623416849.0
971	10		1623416849.0
972	10		1623416849.0
973	10		1623416849.0
974	10		1623416849.0
975	10		1623416849.0
976	10		1623416849.0
977	10		1623416849.0
978	10		1623416849.0
979	10		1623416849.0
980	10		1623416849.0
981	13		1623416849.0
982	13		1623416849.0
983	10		1623416849.0
984	10		1623416849.0
985	13		1623416852.0
986	13		1623416852.0
987	5		1623416853.0
988	1		1623416853.0
989	10		1623416853.0
990	10		1623416853.0
991	7		1623416853.0
992	7		1623416853.0
993	7		1623416853.0
994	7		1623416853.0
995	10		1623416853.0
996	7		1623416853.0
997	7		1623416853.0
998	7		1623416853.0
999	7		1623416853.0
1000	7		1623416853.0
1001	7		1623416853.0
1002	7		1623416853.0
1003	7		1623416853.0
1004	7		1623416853.0
1005	7		1623416853.0
1006	7		1623416853.0
1007	7		1623416853.0
1008	7		1623416853.0
1009	7		1623416853.0
1010	7		1623416853.0
1011	7		1623416853.0
1012	7		1623416853.0
1013	7		1623416853.0
1014	7		1623416853.0
1015	7		1623416853.0
1016	7		1623416853.0
1017	7		1623416853.0
1018	7		1623416853.0
1019	7		1623416853.0
1020	10		1623416853.0
1021	10		1623416853.0
1022	7		1623416853.0
1023	7		1623416853.0
1024	7		1623416853.0
1025	7		1623416853.0
1026	12		1623416853.0
1027	12		1623416853.0
1028	7		1623416853.0
1029	7		1623416853.0
1030	7		1623416853.0
1031	7		1623416853.0
1032	7		1623416853.0
1033	7		1623416853.0
1034	7		1623416853.0
1035	7		1623416853.0
1036	7		1623416853.0
1037	10		1623416853.0
1038	10		1623416853.0
1039	10		1623416853.0
1040	10		1623416853.0
1041	10		1623416853.0
1042	10		1623416853.0
1043	10		1623416853.0
1044	10		1623416853.0
1045	10		1623416853.0
1046	10		1623416853.0
1047	10		1623416853.0
1048	10		1623416853.0
1049	10		1623416853.0
1050	10		1623416853.0
1051	10		1623416853.0
1052	10		1623416853.0
1053	10		1623416853.0
1054	10		1623416853.0
1055	10		1623416853.0
1056	10		1623416853.0
1057	10		1623416853.0
1058	10		1623416853.0
1059	10		1623416853.0
1060	10		1623416853.0
1061	10		1623416853.0
1062	10		1623416853.0
1063	10		1623416853.0
1064	10		1623416853.0
1065	10		1623416853.0
1066	10		1623416853.0
1067	10		1623416853.0
1068	10		1623416853.0
1069	10		1623416853.0
1070	10		1623416853.0
1071	10		1623416853.0
1072	10		1623416853.0
1073	10		1623416853.0
1074	10		1623416853.0
1075	10		1623416853.0
1076	10		1623416853.0
1077	10		1623416853.0
1078	10		1623416853.0
1079	10		1623416853.0
1080	10		1623416853.0
1081	10		1623416853.0
1082	10		1623416853.0
1083	10		1623416853.0
1084	10		1623416853.0
1085	10		1623416853.0
1086	10		1623416853.0
1087	10		1623416853.0
1088	10		1623416853.0
1089	10		1623416853.0
1090	10		1623416853.0
1091	10		1623416853.0
1092	10		1623416853.0
1093	10		1623416853.0
1094	10		1623416853.0
1095	10		1623416853.0
1096	10		1623416853.0
1097	10		1623416853.0
1098	10		1623416853.0
1099	10		1623416853.0
1100	10		1623416853.0
1101	10		1623416853.0
1102	10		1623416853.0
1103	10		1623416853.0
1104	10		1623416853.0
1105	10		1623416853.0
1106	10		1623416853.0
1107	10		1623416853.0
1108	10		1623416853.0
1109	10		1623416853.0
1110	10		1623416853.0
1111	10		1623416853.0
1112	10		1623416853.0
1113	10		1623416853.0
1114	10		1623416853.0
1115	10		1623416853.0
1116	10		1623416853.0
1117	10		1623416853.0
1118	10		1623416853.0
1119	10		1623416853.0
1120	10		1623416853.0
1121	10		1623416853.0
1122	10		1623416853.0
1123	10		1623416853.0
1124	10		1623416853.0
1125	10		1623416853.0
1126	10		1623416853.0
1127	10		1623416853.0
1128	10		1623416853.0
1129	10		1623416853.0
1130	10		1623416853.0
1131	10		1623416853.0
1132	10		1623416853.0
1133	10		1623416853.0
1134	10		1623416853.0
1135	10		1623416853.0
1136	10		1623416853.0
1137	10		1623416853.0
1138	10		1623416853.0
1139	10		1623416853.0
1140	10		1623416853.0
1141	10		1623416853.0
1142	10		1623416853.0
1143	10		1623416853.0
1144	10		1623416853.0
1145	10		1623416853.0
1146	10		1623416853.0
1147	10		1623416853.0
1148	10		1623416853.0
1149	10		1623416853.0
1150	10		1623416853.0
1151	10		1623416853.0
1152	10		1623416853.0
1153	10		1623416853.0
1154	10		1623416853.0
1155	10		1623416853.0
1156	10		1623416853.0
1157	10		1623416853.0
1158	10		1623416853.0
1159	10		1623416853.0
1160	10		1623416853.0
1161	7		1623416853.0
1162	10		1623416853.0
1163	5		1623416853.0
1164	13		1623416853.0
1165	12		1623416853.0
1166	5		1623416853.0
1167	13		1623416853.0
1168	12		1623416853.0
1169	5		1623416853.0
1170	13		1623416853.0
1171	1		1623416853.0
1172	10		1623416853.0
1173	10		1623416853.0
1174	7		1623416853.0
1175	7		1623416853.0
1176	1		1623416853.0
1177	10		1623416853.0
1178	10		1623416853.0
1179	7		1623416853.0
1180	7		1623416853.0
1181	7		1623416853.0
1182	7		1623416853.0
1183	13		1623416853.0
1184	1		1623416853.0
1185	7		1623416853.0
1186	7		1623416853.0
1187	7		1623416853.0
1188	7		1623416853.0
1189	7		1623416853.0
1190	10		1623416853.0
1191	7		1623416853.0
1192	7		1623416853.0
1193	7		1623416853.0
1194	7		1623416853.0
1195	7		1623416853.0
1196	7		1623416853.0
1197	7		1623416853.0
1198	7		1623416853.0
1199	7		1623416853.0
1200	7		1623416853.0
1201	10		1623416853.0
1202	10		1623416853.0
1203	7		1623416853.0
1204	7		1623416853.0
1205	7		1623416853.0
1206	7		1623416853.0
1207	7		1623416853.0
1208	7		1623416853.0
1209	7		1623416853.0
1210	7		1623416853.0
1211	7		1623416853.0
1212	7		1623416853.0
1213	7		1623416853.0
1214	7		1623416853.0
1215	7		1623416853.0
1216	7		1623416853.0
1217	7		1623416853.0
1218	7		1623416853.0
1219	7		1623416853.0
1220	7		1623416853.0
1221	7		1623416853.0
1222	7		1623416853.0
1223	7		1623416853.0
1224	7		1623416853.0
1225	7		1623416853.0
1226	7		1623416853.0
1227	7		1623416853.0
1228	7		1623416853.0
1229	7		1623416853.0
1230	7		1623416853.0
1231	7		1623416853.0
1232	10		1623416853.0
1233	10		1623416853.0
1234	12		1623416853.0
1235	13		1623416853.0
1236	7		1623416853.0
1237	7		1623416853.0
1238	10		1623416853.0
1239	10		1623416853.0
1240	10		1623416853.0
1241	7		1623416853.0
1242	7		1623416853.0
1243	10		1623416853.0
1244	10		1623416853.0
1245	10		1623416853.0
1246	10		1623416853.0
1247	10		1623416853.0
1248	10		1623416853.0
1249	7		1623416853.0
1250	7		1623416853.0
1251	7		1623416853.0
1252	7		1623416853.0
1253	7		1623416853.0
1254	7		1623416853.0
1255	10		1623416853.0
1256	7		1623416853.0
1257	10		1623416853.0
1258	10		1623416853.0
1259	10		1623416853.0
1260	12		1623416853.0
1261	13		1623416853.0
1262	10		1623416853.0
1263	10		1623416853.0
1264	10		1623416853.0
1265	10		1623416853.0
1266	10		1623416853.0
1267	10		1623416853.0
1268	10		1623416853.0
1269	10		1623416853.0
1270	10		1623416853.0
1271	10		1623416853.0
1272	10		1623416853.0
1273	10		1623416853.0
1274	10		1623416853.0
1275	12		1623416853.0
1276	10		1623416853.0
1277	10		1623416853.0
1278	10		1623416853.0
1279	10		1623416853.0
1280	10		1623416853.0
1281	10		1623416853.0
1282	10		1623416853.0
1283	10		1623416853.0
1284	10		1623416853.0
1285	10		1623416853.0
1286	10		1623416853.0
1287	10		1623416853.0
1288	10		1623416853.0
1289	10		1623416853.0
1290	10		1623416853.0
1291	13		1623416853.0
1292	13		1623416853.0
1293	12		1623416853.0
1294	13		1623416853.0
1295	13		1623416853.0
1296	10		1623416853.0
1297	10		1623416853.0
1298	10		1623416853.0
1299	10		1623416853.0
1300	10		1623416853.0
1301	10		1623416853.0
1302	10		1623416853.0
1303	10		1623416853.0
1304	10		1623416853.0
1305	10		1623416853.0
1306	10		1623416853.0
1307	10		1623416853.0
1308	10		1623416853.0
1309	10		1623416853.0
1310	7		1623416853.0
1311	7		1623416853.0
1312	7		1623416853.0
1313	7		1623416853.0
1314	7		1623416853.0
1315	7		1623416853.0
1316	7		1623416853.0
1317	7		1623416853.0
1318	7		1623416853.0
1319	7		1623416853.0
1320	7		1623416853.0
1321	10		1623416853.0
1322	7		1623416853.0
1323	7		1623416853.0
1324	13		1623416853.0
1325	13		1623416853.0
1326	17		1623416853.0
1327	10		1623416854.0
1328	10		1623416854.0
1329	10		1623416854.0
1330	10		1623416854.0
1331	10		1623416854.0
1332	10		1623416854.0
1333	10		1623416854.0
1334	10		1623416854.0
1335	10		1623416854.0
1336	10		1623416854.0
1337	10		1623416854.0
1338	10		1623416854.0
1339	13		1623416854.0
1340	13		1623416854.0
1341	10		1623416854.0
1342	10		1623416854.0
1343	13		1623416856.0
1344	26		1623416856.0
1345	13		1623416857.0
1346	13		1623416857.0
1347	5		1623416858.0
1348	1		1623416858.0
1349	10		1623416858.0
1350	10		1623416858.0
1351	7		1623416858.0
1352	7		1623416858.0
1353	7		1623416858.0
1354	7		1623416858.0
1355	10		1623416858.0
1356	7		1623416858.0
1357	7		1623416858.0
1358	7		1623416858.0
1359	7		1623416858.0
1360	7		1623416858.0
1361	7		1623416858.0
1362	7		1623416858.0
1363	7		1623416858.0
1364	7		1623416858.0
1365	7		1623416858.0
1366	7		1623416858.0
1367	7		1623416858.0
1368	7		1623416858.0
1369	7		1623416858.0
1370	7		1623416858.0
1371	7		1623416858.0
1372	7		1623416858.0
1373	7		1623416858.0
1374	7		1623416858.0
1375	7		1623416858.0
1376	7		1623416858.0
1377	7		1623416858.0
1378	7		1623416858.0
1379	7		1623416858.0
1380	10		1623416858.0
1381	10		1623416858.0
1382	7		1623416858.0
1383	7		1623416858.0
1384	7		1623416858.0
1385	7		1623416858.0
1386	12		1623416858.0
1387	12		1623416858.0
1388	7		1623416858.0
1389	7		1623416858.0
1390	7		1623416858.0
1391	7		1623416858.0
1392	7		1623416858.0
1393	7		1623416858.0
1394	7		1623416858.0
1395	7		1623416858.0
1396	7		1623416858.0
1397	10		1623416858.0
1398	10		1623416858.0
1399	10		1623416858.0
1400	10		1623416858.0
1401	10		1623416858.0
1402	10		1623416858.0
1403	10		1623416858.0
1404	10		1623416858.0
1405	10		1623416858.0
1406	10		1623416858.0
1407	10		1623416858.0
1408	10		1623416858.0
1409	10		1623416858.0
1410	10		1623416858.0
1411	10		1623416858.0
1412	10		1623416858.0
1413	10		1623416858.0
1414	10		1623416858.0
1415	10		1623416858.0
1416	10		1623416858.0
1417	10		1623416858.0
1418	10		1623416858.0
1419	10		1623416858.0
1420	10		1623416858.0
1421	10		1623416858.0
1422	10		1623416858.0
1423	10		1623416858.0
1424	10		1623416858.0
1425	10		1623416858.0
1426	10		1623416858.0
1427	10		1623416858.0
1428	10		1623416858.0
1429	10		1623416858.0
1430	10		1623416858.0
1431	10		1623416858.0
1432	10		1623416858.0
1433	10		1623416858.0
1434	10		1623416858.0
1435	10		1623416858.0
1436	10		1623416858.0
1437	10		1623416858.0
1438	10		1623416858.0
1439	10		1623416858.0
1440	10		1623416858.0
1441	10		1623416858.0
1442	10		1623416858.0
1443	10		1623416858.0
1444	10		1623416858.0
1445	10		1623416858.0
1446	10		1623416858.0
1447	10		1623416858.0
1448	10		1623416858.0
1449	10		1623416858.0
1450	10		1623416858.0
1451	10		1623416858.0
1452	10		1623416858.0
1453	10		1623416858.0
1454	10		1623416858.0
1455	10		1623416858.0
1456	10		1623416858.0
1457	10		1623416858.0
1458	10		1623416858.0
1459	10		1623416858.0
1460	10		1623416858.0
1461	10		1623416858.0
1462	10		1623416858.0
1463	10		1623416858.0
1464	10		1623416858.0
1465	10		1623416858.0
1466	10		1623416858.0
1467	10		1623416858.0
1468	10		1623416858.0
1469	10		1623416858.0
1470	10		1623416858.0
1471	10		1623416858.0
1472	10		1623416858.0
1473	10		1623416858.0
1474	10		1623416858.0
1475	10		1623416858.0
1476	10		1623416858.0
1477	10		1623416858.0
1478	10		1623416858.0
1479	10		1623416858.0
1480	10		1623416858.0
1481	10		1623416858.0
1482	10		1623416858.0
1483	10		1623416858.0
1484	10		1623416858.0
1485	10		1623416858.0
1486	10		1623416858.0
1487	10		1623416858.0
1488	10		1623416858.0
1489	10		1623416858.0
1490	10		1623416858.0
1491	10		1623416858.0
1492	10		1623416858.0
1493	10		1623416858.0
1494	10		1623416858.0
1495	10		1623416858.0
1496	10		1623416858.0
1497	10		1623416858.0
1498	10		1623416858.0
1499	10		1623416858.0
1500	10		1623416858.0
1501	10		1623416858.0
1502	10		1623416858.0
1503	10		1623416858.0
1504	10		1623416858.0
1505	10		1623416858.0
1506	10		1623416858.0
1507	10		1623416858.0
1508	10		1623416858.0
1509	10		1623416858.0
1510	10		1623416858.0
1511	10		1623416858.0
1512	10		1623416858.0
1513	10		1623416858.0
1514	10		1623416858.0
1515	10		1623416858.0
1516	10		1623416858.0
1517	10		1623416858.0
1518	10		1623416858.0
1519	10		1623416858.0
1520	10		1623416858.0
1521	7		1623416858.0
1522	10		1623416858.0
1523	5		1623416858.0
1524	13		1623416858.0
1525	12		1623416858.0
1526	5		1623416858.0
1527	5		1623416858.0
1528	13		1623416858.0
1529	12		1623416858.0
1530	1		1623416858.0
1531	10		1623416858.0
1532	10		1623416858.0
1533	7		1623416858.0
1534	7		1623416858.0
1535	7		1623416858.0
1536	7		1623416858.0
1537	10		1623416858.0
1538	7		1623416858.0
1539	7		1623416858.0
1540	7		1623416858.0
1541	7		1623416858.0
1542	7		1623416858.0
1543	7		1623416858.0
1544	7		1623416858.0
1545	7		1623416858.0
1546	7		1623416858.0
1547	7		1623416858.0
1548	12		1623416858.0
1549	13		1623416858.0
1550	5		1623416859.0
1551	13		1623416859.0
1552	1		1623416859.0
1553	10		1623416859.0
1554	10		1623416859.0
1555	7		1623416859.0
1556	7		1623416859.0
1557	1		1623416859.0
1558	10		1623416859.0
1559	10		1623416859.0
1560	7		1623416859.0
1561	7		1623416859.0
1562	7		1623416859.0
1563	7		1623416859.0
1564	13		1623416859.0
1565	7		1623416859.0
1566	1		1623416859.0
1567	7		1623416859.0
1568	7		1623416859.0
1569	10		1623416859.0
1570	7		1623416859.0
1571	7		1623416859.0
1572	7		1623416859.0
1573	7		1623416859.0
1574	7		1623416859.0
1575	7		1623416859.0
1576	7		1623416859.0
1577	7		1623416859.0
1578	7		1623416859.0
1579	7		1623416859.0
1580	10		1623416859.0
1581	7		1623416859.0
1582	7		1623416859.0
1583	7		1623416859.0
1584	7		1623416859.0
1585	7		1623416859.0
1586	7		1623416859.0
1587	7		1623416859.0
1588	7		1623416859.0
1589	7		1623416859.0
1590	7		1623416859.0
1591	7		1623416859.0
1592	7		1623416859.0
1593	7		1623416859.0
1594	7		1623416859.0
1595	7		1623416859.0
1596	7		1623416859.0
1597	10		1623416859.0
1598	7		1623416859.0
1599	7		1623416859.0
1600	7		1623416859.0
1601	7		1623416859.0
1602	7		1623416859.0
1603	7		1623416859.0
1604	7		1623416859.0
1605	7		1623416859.0
1606	7		1623416859.0
1607	7		1623416859.0
1608	7		1623416859.0
1609	7		1623416859.0
1610	7		1623416859.0
1611	7		1623416859.0
1612	7		1623416859.0
1613	10		1623416859.0
1614	10		1623416859.0
1615	7		1623416859.0
1616	7		1623416859.0
1617	10		1623416859.0
1618	10		1623416859.0
1619	10		1623416859.0
1620	7		1623416859.0
1621	7		1623416859.0
1622	10		1623416859.0
1623	10		1623416859.0
1624	10		1623416859.0
1625	10		1623416859.0
1626	10		1623416859.0
1627	10		1623416859.0
1628	7		1623416859.0
1629	7		1623416859.0
1630	7		1623416859.0
1631	7		1623416859.0
1632	7		1623416859.0
1633	7		1623416859.0
1634	7		1623416859.0
1635	10		1623416859.0
1636	7		1623416859.0
1637	10		1623416859.0
1638	10		1623416859.0
1639	10		1623416859.0
1640	12		1623416859.0
1641	13		1623416859.0
1642	10		1623416859.0
1643	10		1623416859.0
1644	10		1623416859.0
1645	10		1623416859.0
1646	10		1623416859.0
1647	10		1623416859.0
1648	10		1623416859.0
1649	10		1623416859.0
1650	10		1623416859.0
1651	10		1623416859.0
1652	10		1623416859.0
1653	10		1623416859.0
1654	10		1623416859.0
1655	10		1623416859.0
1656	10		1623416859.0
1657	10		1623416859.0
1658	10		1623416859.0
1659	10		1623416859.0
1660	10		1623416859.0
1661	10		1623416859.0
1662	10		1623416859.0
1663	10		1623416859.0
1664	10		1623416859.0
1665	10		1623416859.0
1666	10		1623416859.0
1667	10		1623416859.0
1668	13		1623416859.0
1669	13		1623416859.0
1670	10		1623416859.0
1671	12		1623416859.0
1672	10		1623416859.0
1673	10		1623416859.0
1674	10		1623416859.0
1675	10		1623416859.0
1676	10		1623416859.0
1677	10		1623416859.0
1678	10		1623416859.0
1679	10		1623416859.0
1680	10		1623416859.0
1681	10		1623416859.0
1682	10		1623416859.0
1683	10		1623416859.0
1684	10		1623416859.0
1685	12		1623416859.0
1686	13		1623416859.0
1687	13		1623416859.0
1688	10		1623416859.0
1689	7		1623416859.0
1690	7		1623416859.0
1691	7		1623416859.0
1692	7		1623416859.0
1693	7		1623416859.0
1694	7		1623416859.0
1695	7		1623416859.0
1696	7		1623416859.0
1697	7		1623416859.0
1698	7		1623416859.0
1699	7		1623416859.0
1700	13		1623416859.0
1701	7		1623416859.0
1702	7		1623416859.0
1703	13		1623416859.0
1704	17		1623416859.0
1705	7		1623416859.0
1706	10		1623416860.0
1707	10		1623416860.0
1708	10		1623416860.0
1709	10		1623416860.0
1710	10		1623416860.0
1711	10		1623416860.0
1712	10		1623416860.0
1713	10		1623416860.0
1714	10		1623416860.0
1715	10		1623416860.0
1716	10		1623416860.0
1717	10		1623416860.0
1718	13		1623416860.0
1719	10		1623416860.0
1720	13		1623416860.0
1721	10		1623416860.0
1722	5		1623416861.0
1723	26		1623416861.0
1724	11		1623416861.0
1725	1		1623416861.0
1726	10		1623416861.0
1727	10		1623416861.0
1728	7		1623416861.0
1729	7		1623416861.0
1730	7		1623416861.0
1731	7		1623416861.0
1732	10		1623416861.0
1733	7		1623416861.0
1734	7		1623416861.0
1735	7		1623416861.0
1736	12		1623416861.0
1737	13		1623416861.0
1738	13		1623416861.0
1739	13		1623416861.0
1740	13		1623416861.0
1741	13		1623416861.0
1742	13		1623416861.0
1743	10		1623416861.0
1744	5		1623416861.0
1745	26		1623416861.0
1746	11		1623416861.0
1747	1		1623416861.0
1748	10		1623416861.0
1749	10		1623416861.0
1750	7		1623416861.0
1751	7		1623416861.0
1752	7		1623416861.0
1753	7		1623416861.0
1754	10		1623416861.0
1755	7		1623416861.0
1756	7		1623416861.0
1757	7		1623416861.0
1758	1		1623416861.0
1759	10		1623416861.0
1760	10		1623416861.0
1761	7		1623416861.0
1762	7		1623416861.0
1763	7		1623416861.0
1764	7		1623416861.0
1765	7		1623416861.0
1766	7		1623416861.0
1767	7		1623416861.0
1768	7		1623416861.0
1769	7		1623416861.0
1770	18		1623416861.0
1771	5		1623416861.0
1772	13		1623416861.0
1773	7		1623416861.0
1774	12		1623416861.0
1775	5		1623416861.0
1776	13		1623416861.0
1777	12		1623416861.0
1778	1		1623416861.0
1779	10		1623416861.0
1780	10		1623416861.0
1781	7		1623416861.0
1782	7		1623416861.0
1783	7		1623416861.0
1784	7		1623416861.0
1785	1		1623416861.0
1786	7		1623416861.0
1787	7		1623416861.0
1788	7		1623416861.0
1789	7		1623416861.0
1790	10		1623416861.0
1791	7		1623416861.0
1792	7		1623416861.0
1793	7		1623416861.0
1794	7		1623416861.0
1795	7		1623416861.0
1796	7		1623416861.0
1797	7		1623416861.0
1798	7		1623416861.0
1799	7		1623416861.0
1800	10		1623416861.0
1801	7		1623416861.0
1802	7		1623416861.0
1803	7		1623416861.0
1804	7		1623416861.0
1805	7		1623416861.0
1806	7		1623416861.0
1807	7		1623416861.0
1808	7		1623416861.0
1809	7		1623416861.0
1810	7		1623416861.0
1811	7		1623416861.0
1812	7		1623416861.0
1813	7		1623416861.0
1814	7		1623416861.0
1815	7		1623416861.0
1816	7		1623416861.0
1817	7		1623416861.0
1818	7		1623416861.0
1819	7		1623416861.0
1820	7		1623416861.0
1821	7		1623416861.0
1822	7		1623416861.0
1823	7		1623416861.0
1824	7		1623416861.0
1825	7		1623416861.0
1826	7		1623416861.0
1827	7		1623416861.0
1828	7		1623416861.0
1829	7		1623416861.0
1830	7		1623416861.0
1831	7		1623416861.0
1832	7		1623416861.0
1833	12		1623416861.0
1834	13		1623416861.0
1835	7		1623416861.0
1836	5		1623416861.0
1837	5		1623416861.0
1838	5		1623416861.0
1839	5		1623416861.0
1840	26		1623416861.0
1841	11		1623416861.0
1842	1		1623416861.0
1843	10		1623416861.0
1844	10		1623416861.0
1845	7		1623416861.0
1846	7		1623416861.0
1847	7		1623416861.0
1848	7		1623416861.0
1849	10		1623416861.0
1850	7		1623416861.0
1851	7		1623416861.0
1852	7		1623416861.0
1853	5		1623416861.0
1854	26		1623416861.0
1855	11		1623416861.0
1856	1		1623416861.0
1857	10		1623416861.0
1858	10		1623416861.0
1859	7		1623416861.0
1860	7		1623416861.0
1861	7		1623416861.0
1862	7		1623416861.0
1863	10		1623416861.0
1864	7		1623416861.0
1865	7		1623416861.0
1866	7		1623416861.0
1867	13		1623416861.0
1868	13		1623416861.0
1869	12		1623416861.0
1870	5		1623416861.0
1871	1		1623416861.0
1872	10		1623416861.0
1873	10		1623416861.0
1874	7		1623416861.0
1875	7		1623416861.0
1876	7		1623416861.0
1877	7		1623416861.0
1878	10		1623416861.0
1879	7		1623416861.0
1880	7		1623416861.0
1881	7		1623416861.0
1882	7		1623416861.0
1883	7		1623416861.0
1884	7		1623416861.0
1885	7		1623416861.0
1886	7		1623416861.0
1887	7		1623416861.0
1888	7		1623416861.0
1889	7		1623416861.0
1890	7		1623416861.0
1891	7		1623416861.0
1892	7		1623416861.0
1893	3		1623416862.0
1894	3		1623416862.0
1895	5		1623416863.0
1896	1		1623416863.0
1897	10		1623416863.0
1898	10		1623416863.0
1899	7		1623416863.0
1900	7		1623416863.0
1901	7		1623416863.0
1902	7		1623416863.0
1903	10		1623416863.0
1904	7		1623416863.0
1905	7		1623416863.0
1906	7		1623416863.0
1907	7		1623416863.0
1908	7		1623416863.0
1909	7		1623416863.0
1910	7		1623416863.0
1911	7		1623416863.0
1912	7		1623416863.0
1913	7		1623416863.0
1914	7		1623416863.0
1915	7		1623416863.0
1916	7		1623416863.0
1917	7		1623416863.0
1918	7		1623416863.0
1919	7		1623416863.0
1920	7		1623416863.0
1921	7		1623416863.0
1922	7		1623416863.0
1923	7		1623416863.0
1924	7		1623416863.0
1925	7		1623416863.0
1926	7		1623416863.0
1927	7		1623416863.0
1928	10		1623416863.0
1929	10		1623416863.0
1930	7		1623416863.0
1931	7		1623416863.0
1932	7		1623416863.0
1933	7		1623416863.0
1934	12		1623416863.0
1935	12		1623416863.0
1936	7		1623416863.0
1937	7		1623416863.0
1938	7		1623416863.0
1939	7		1623416863.0
1940	7		1623416863.0
1941	7		1623416863.0
1942	7		1623416863.0
1943	7		1623416863.0
1944	7		1623416863.0
1945	10		1623416863.0
1946	10		1623416863.0
1947	10		1623416863.0
1948	10		1623416863.0
1949	10		1623416863.0
1950	10		1623416863.0
1951	10		1623416863.0
1952	10		1623416863.0
1953	10		1623416863.0
1954	10		1623416863.0
1955	10		1623416863.0
1956	10		1623416863.0
1957	10		1623416863.0
1958	10		1623416863.0
1959	10		1623416863.0
1960	10		1623416863.0
1961	10		1623416863.0
1962	10		1623416863.0
1963	10		1623416863.0
1964	10		1623416863.0
1965	10		1623416863.0
1966	10		1623416863.0
1967	10		1623416863.0
1968	10		1623416863.0
1969	10		1623416863.0
1970	10		1623416863.0
1971	10		1623416863.0
1972	10		1623416863.0
1973	10		1623416863.0
1974	10		1623416863.0
1975	10		1623416863.0
1976	10		1623416863.0
1977	10		1623416863.0
1978	10		1623416863.0
1979	10		1623416863.0
1980	10		1623416863.0
1981	10		1623416863.0
1982	10		1623416863.0
1983	10		1623416863.0
1984	10		1623416863.0
1985	10		1623416863.0
1986	10		1623416863.0
1987	10		1623416863.0
1988	10		1623416863.0
1989	10		1623416863.0
1990	10		1623416863.0
1991	10		1623416863.0
1992	10		1623416863.0
1993	10		1623416863.0
1994	10		1623416863.0
1995	10		1623416863.0
1996	10		1623416863.0
1997	10		1623416863.0
1998	10		1623416863.0
1999	10		1623416863.0
2000	10		1623416863.0
2001	10		1623416863.0
2002	10		1623416863.0
2003	10		1623416863.0
2004	10		1623416863.0
2005	10		1623416863.0
2006	10		1623416863.0
2007	10		1623416863.0
2008	10		1623416863.0
2009	10		1623416863.0
2010	10		1623416863.0
2011	10		1623416863.0
2012	10		1623416863.0
2013	10		1623416863.0
2014	10		1623416863.0
2015	10		1623416863.0
2016	10		1623416863.0
2017	10		1623416863.0
2018	10		1623416863.0
2019	10		1623416863.0
2020	10		1623416863.0
2021	10		1623416863.0
2022	10		1623416863.0
2023	10		1623416863.0
2024	10		1623416863.0
2025	10		1623416863.0
2026	10		1623416863.0
2027	10		1623416863.0
2028	10		1623416863.0
2029	10		1623416863.0
2030	10		1623416863.0
2031	10		1623416863.0
2032	10		1623416863.0
2033	10		1623416863.0
2034	10		1623416863.0
2035	10		1623416863.0
2036	10		1623416863.0
2037	10		1623416863.0
2038	10		1623416863.0
2039	10		1623416863.0
2040	10		1623416863.0
2041	10		1623416863.0
2042	10		1623416863.0
2043	10		1623416863.0
2044	10		1623416863.0
2045	10		1623416863.0
2046	10		1623416863.0
2047	10		1623416863.0
2048	10		1623416863.0
2049	10		1623416863.0
2050	10		1623416863.0
2051	10		1623416863.0
2052	10		1623416863.0
2053	10		1623416863.0
2054	10		1623416863.0
2055	10		1623416863.0
2056	10		1623416863.0
2057	10		1623416863.0
2058	10		1623416863.0
2059	10		1623416863.0
2060	10		1623416863.0
2061	10		1623416863.0
2062	10		1623416863.0
2063	10		1623416863.0
2064	10		1623416863.0
2065	10		1623416863.0
2066	5		1623416863.0
2067	1		1623416863.0
2068	10		1623416863.0
2069	10		1623416863.0
2070	7		1623416863.0
2071	7		1623416863.0
2072	7		1623416863.0
2073	7		1623416863.0
2074	10		1623416863.0
2075	7		1623416863.0
2076	7		1623416863.0
2077	7		1623416863.0
2078	7		1623416863.0
2079	7		1623416863.0
2080	7		1623416863.0
2081	7		1623416863.0
2082	7		1623416863.0
2083	7		1623416863.0
2084	7		1623416863.0
2085	13		1623416863.0
2086	13		1623416863.0
2087	5		1623416864.0
2088	1		1623416864.0
2089	10		1623416864.0
2090	10		1623416864.0
2091	7		1623416864.0
2092	7		1623416864.0
2093	7		1623416864.0
2094	7		1623416864.0
2095	7		1623416864.0
2096	7		1623416864.0
2097	7		1623416864.0
2098	7		1623416864.0
2099	10		1623416864.0
2100	7		1623416864.0
2101	7		1623416864.0
2102	7		1623416864.0
2103	7		1623416864.0
2104	7		1623416864.0
2105	7		1623416864.0
2106	7		1623416864.0
2107	7		1623416864.0
2108	7		1623416864.0
2109	7		1623416864.0
2110	7		1623416864.0
2111	7		1623416864.0
2112	7		1623416864.0
2113	7		1623416864.0
2114	7		1623416864.0
2115	7		1623416864.0
2116	7		1623416864.0
2117	7		1623416864.0
2118	7		1623416864.0
2119	7		1623416864.0
2120	7		1623416864.0
2121	7		1623416864.0
2122	13		1623416865.0
2123	7		1623416866.0
2124	7		1623416866.0
2125	1		1623416869.0
2126	10		1623416869.0
2127	7		1623416869.0
2128	7		1623416869.0
2129	7		1623416869.0
2130	7		1623416869.0
2131	1		1623416869.0
2132	7		1623416869.0
2133	7		1623416869.0
2134	7		1623416869.0
2135	7		1623416869.0
2136	10		1623416869.0
2137	7		1623416869.0
2138	7		1623416869.0
2139	7		1623416869.0
2140	7		1623416869.0
2141	7		1623416869.0
2142	7		1623416869.0
2143	7		1623416869.0
2144	7		1623416869.0
2145	7		1623416869.0
2146	10		1623416869.0
2147	7		1623416869.0
2148	7		1623416869.0
2149	7		1623416869.0
2150	7		1623416869.0
2151	7		1623416869.0
2152	7		1623416869.0
2153	7		1623416869.0
2154	7		1623416869.0
2155	7		1623416869.0
2156	7		1623416869.0
2157	7		1623416869.0
2158	7		1623416869.0
2159	7		1623416869.0
2160	7		1623416869.0
2161	7		1623416869.0
2162	7		1623416869.0
2163	7		1623416869.0
2164	7		1623416869.0
2165	7		1623416869.0
2166	7		1623416869.0
2167	7		1623416869.0
2168	7		1623416869.0
2169	7		1623416869.0
2170	7		1623416869.0
2171	7		1623416869.0
2172	7		1623416869.0
2173	7		1623416869.0
2174	7		1623416869.0
2175	7		1623416869.0
2176	7		1623416869.0
2177	7		1623416869.0
2178	7		1623416869.0
2179	7		1623416869.0
2180	7		1623416869.0
2181	7		1623416869.0
2182	10		1623416869.0
2183	10		1623416869.0
2184	12		1623416869.0
2185	12		1623416869.0
2186	7		1623416869.0
2187	12		1623416869.0
2188	7		1623416869.0
2189	7		1623416869.0
2190	7		1623416869.0
2191	7		1623416869.0
2192	7		1623416869.0
2193	7		1623416869.0
2194	7		1623416869.0
2195	7		1623416869.0
2196	7		1623416869.0
2197	7		1623416869.0
2198	7		1623416869.0
2199	7		1623416869.0
2200	7		1623416869.0
2201	7		1623416869.0
2202	12		1623416869.0
2203	7		1623416869.0
2204	7		1623416869.0
2205	7		1623416869.0
2206	7		1623416869.0
2207	7		1623416869.0
2208	7		1623416869.0
2209	7		1623416869.0
2210	7		1623416869.0
2211	7		1623416869.0
2212	7		1623416869.0
2213	7		1623416869.0
2214	7		1623416869.0
2215	7		1623416869.0
2216	7		1623416869.0
2217	7		1623416869.0
2218	7		1623416869.0
2219	7		1623416869.0
2220	7		1623416869.0
2221	7		1623416869.0
2222	7		1623416869.0
2223	5		1623416869.0
2224	5		1623416869.0
2225	26		1623416871.0
2226	26		1623416874.0
2227	11		1623416874.0
2228	26		1623416882.0
2229	11		1623416882.0
2230	10		1623416882.0
2231	10		1623416882.0
2232	5		1623416885.0
2233	1		1623416885.0
2234	10		1623416885.0
2235	10		1623416885.0
2236	7		1623416885.0
2237	7		1623416885.0
2238	7		1623416885.0
2239	7		1623416885.0
2240	10		1623416885.0
2241	7		1623416885.0
2242	7		1623416885.0
2243	7		1623416885.0
2244	7		1623416885.0
2245	7		1623416885.0
2246	7		1623416885.0
2247	7		1623416885.0
2248	7		1623416885.0
2249	7		1623416885.0
2250	7		1623416885.0
2251	7		1623416885.0
2252	7		1623416885.0
2253	7		1623416885.0
2254	7		1623416885.0
2255	7		1623416886.0
2256	7		1623416886.0
2257	10		1623416886.0
2258	10		1623416886.0
2259	10		1623416886.0
2260	10		1623416886.0
2261	10		1623416886.0
2262	10		1623416886.0
2263	26		1623416886.0
2264	5156		1623416836.0
2265	5156		1623416836.0
2266	5158		1623416837.0
2267	5156		1623416837.0
2268	5156		1623416837.0
2269	5156		1623416837.0
2270	4689	APT-Simulator	1623416837.0
2271	4688	APT-Simulator	1623416837.0
2272	4690	APT-Simulator	1623416837.0
2273	4658	APT-Simulator	1623416837.0
2274	4656	APT-Simulator	1623416837.0
2275	4663	APT-Simulator	1623416837.0
2276	4658	APT-Simulator	1623416837.0
2277	4703	APT-Simulator	1623416837.0
2278	4703	APT-Simulator	1623416837.0
2279	4689	APT-Simulator	1623416837.0
2280	4688	APT-Simulator	1623416837.0
2281	5156		1623416837.0
2282	5156		1623416837.0
2283	5156		1623416838.0
2284	5156		1623416838.0
2285	4689	APT-Simulator	1623416838.0
2286	4688	APT-Simulator	1623416838.0
2287	4688	APT-Simulator	1623416838.0
2288	4688	APT-Simulator	1623416838.0
2289	4690	APT-Simulator	1623416838.0
2290	4658	APT-Simulator	1623416838.0
2291	4656	APT-Simulator	1623416838.0
2292	4663	APT-Simulator	1623416838.0
2293	4658	APT-Simulator	1623416838.0
2294	4690	APT-Simulator	1623416838.0
2295	4658	APT-Simulator	1623416838.0
2296	4656	APT-Simulator	1623416838.0
2297	4663	APT-Simulator	1623416838.0
2298	4658	APT-Simulator	1623416838.0
2299	4690	APT-Simulator	1623416839.0
2300	4658	APT-Simulator	1623416839.0
2301	4656	APT-Simulator	1623416839.0
2302	4663	APT-Simulator	1623416839.0
2303	4658	APT-Simulator	1623416839.0
2304	4689	APT-Simulator	1623416843.0
2305	4688	APT-Simulator	1623416843.0
2306	4690	APT-Simulator	1623416843.0
2307	4658	APT-Simulator	1623416843.0
2308	4656	APT-Simulator	1623416843.0
2309	4663	APT-Simulator	1623416843.0
2310	4658	APT-Simulator	1623416843.0
2311	4703	APT-Simulator	1623416843.0
2312	4690	APT-Simulator	1623416843.0
2313	4658	APT-Simulator	1623416843.0
2314	4656	APT-Simulator	1623416843.0
2315	4658	APT-Simulator	1623416843.0
2316	4703	WORKSTATION5$	1623416843.0
2317	4703	WORKSTATION5$	1623416843.0
2318	4703	WORKSTATION5$	1623416843.0
2319	4703	WORKSTATION5$	1623416843.0
2320	4703	WORKSTATION5$	1623416843.0
2321	4670	WORKSTATION5$	1623416843.0
2322	4703	WORKSTATION5$	1623416843.0
2323	4703	WORKSTATION5$	1623416843.0
2324	4703	WORKSTATION5$	1623416843.0
2325	4690	APT-Simulator	1623416843.0
2326	4658	APT-Simulator	1623416843.0
2327	4656	APT-Simulator	1623416843.0
2328	4663	APT-Simulator	1623416843.0
2329	4658	APT-Simulator	1623416843.0
2330	4689	APT-Simulator	1623416843.0
2331	4689	APT-Simulator	1623416843.0
2332	4689	APT-Simulator	1623416843.0
2333	4688	APT-Simulator	1623416843.0
2334	4688	APT-Simulator	1623416843.0
2335	4690	APT-Simulator	1623416843.0
2336	4658	APT-Simulator	1623416843.0
2337	4656	APT-Simulator	1623416843.0
2338	4663	APT-Simulator	1623416843.0
2339	4658	APT-Simulator	1623416843.0
2340	4688	APT-Simulator	1623416843.0
2341	4690	APT-Simulator	1623416843.0
2342	4658	APT-Simulator	1623416843.0
2343	4656	APT-Simulator	1623416843.0
2344	4663	APT-Simulator	1623416843.0
2345	4658	APT-Simulator	1623416843.0
2346	4690	APT-Simulator	1623416843.0
2347	4658	APT-Simulator	1623416843.0
2348	4656	APT-Simulator	1623416843.0
2349	4663	APT-Simulator	1623416843.0
2350	4658	APT-Simulator	1623416843.0
2351	4689	APT-Simulator	1623416848.0
2352	4688	APT-Simulator	1623416848.0
2353	4690	APT-Simulator	1623416848.0
2354	4658	APT-Simulator	1623416848.0
2355	4656	APT-Simulator	1623416848.0
2356	4663	APT-Simulator	1623416848.0
2357	4658	APT-Simulator	1623416848.0
2358	4703	APT-Simulator	1623416848.0
2359	4690	APT-Simulator	1623416848.0
2360	4658	APT-Simulator	1623416848.0
2361	4656	APT-Simulator	1623416848.0
2362	4658	APT-Simulator	1623416848.0
2363	4703	WORKSTATION5$	1623416848.0
2364	4690	APT-Simulator	1623416848.0
2365	4658	APT-Simulator	1623416848.0
2366	4656	APT-Simulator	1623416848.0
2367	4663	APT-Simulator	1623416848.0
2368	4658	APT-Simulator	1623416848.0
2369	4689	APT-Simulator	1623416848.0
2370	4689	APT-Simulator	1623416848.0
2371	4689	APT-Simulator	1623416848.0
2372	4688	APT-Simulator	1623416848.0
2373	4688	APT-Simulator	1623416848.0
2374	4688	APT-Simulator	1623416848.0
2375	4690	APT-Simulator	1623416848.0
2376	4658	APT-Simulator	1623416848.0
2377	4656	APT-Simulator	1623416848.0
2378	4663	APT-Simulator	1623416848.0
2379	4658	APT-Simulator	1623416848.0
2380	4690	APT-Simulator	1623416848.0
2381	4658	APT-Simulator	1623416848.0
2382	4656	APT-Simulator	1623416848.0
2383	4663	APT-Simulator	1623416848.0
2384	4658	APT-Simulator	1623416848.0
2385	4690	APT-Simulator	1623416848.0
2386	4658	APT-Simulator	1623416848.0
2387	4656	APT-Simulator	1623416848.0
2388	4663	APT-Simulator	1623416848.0
2389	4658	APT-Simulator	1623416848.0
2390	5158		1623416852.0
2391	5156		1623416852.0
2392	4689	APT-Simulator	1623416853.0
2393	4688	APT-Simulator	1623416853.0
2394	4690	APT-Simulator	1623416853.0
2395	4658	APT-Simulator	1623416853.0
2396	4656	APT-Simulator	1623416853.0
2397	4663	APT-Simulator	1623416853.0
2398	4658	APT-Simulator	1623416853.0
2399	4703	APT-Simulator	1623416853.0
2400	4690	APT-Simulator	1623416853.0
2401	4658	APT-Simulator	1623416853.0
2402	4656	APT-Simulator	1623416853.0
2403	4658	APT-Simulator	1623416853.0
2404	4703	WORKSTATION5$	1623416853.0
2405	4690	APT-Simulator	1623416853.0
2406	4658	APT-Simulator	1623416853.0
2407	4656	APT-Simulator	1623416853.0
2408	4663	APT-Simulator	1623416853.0
2409	4658	APT-Simulator	1623416853.0
2410	4689	APT-Simulator	1623416853.0
2411	4689	APT-Simulator	1623416853.0
2412	4689	APT-Simulator	1623416853.0
2413	4688	APT-Simulator	1623416853.0
2414	4688	APT-Simulator	1623416853.0
2415	4688	APT-Simulator	1623416853.0
2416	4690	APT-Simulator	1623416853.0
2417	4658	APT-Simulator	1623416853.0
2418	4656	APT-Simulator	1623416853.0
2419	4663	APT-Simulator	1623416853.0
2420	4658	APT-Simulator	1623416853.0
2421	4690	APT-Simulator	1623416853.0
2422	4658	APT-Simulator	1623416853.0
2423	4656	APT-Simulator	1623416853.0
2424	4663	APT-Simulator	1623416853.0
2425	4658	APT-Simulator	1623416853.0
2426	4690	APT-Simulator	1623416853.0
2427	4658	APT-Simulator	1623416853.0
2428	4656	APT-Simulator	1623416853.0
2429	4663	APT-Simulator	1623416853.0
2430	4658	APT-Simulator	1623416853.0
2431	5158		1623416856.0
2432	5156		1623416856.0
2433	4689	APT-Simulator	1623416858.0
2434	4688	APT-Simulator	1623416858.0
2435	4690	APT-Simulator	1623416858.0
2436	4658	APT-Simulator	1623416858.0
2437	4656	APT-Simulator	1623416858.0
2438	4663	APT-Simulator	1623416858.0
2439	4658	APT-Simulator	1623416858.0
2440	4703	APT-Simulator	1623416858.0
2441	4690	APT-Simulator	1623416858.0
2442	4658	APT-Simulator	1623416858.0
2443	4656	APT-Simulator	1623416858.0
2444	4658	APT-Simulator	1623416858.0
2445	4703	WORKSTATION5$	1623416858.0
2446	4690	APT-Simulator	1623416858.0
2447	4658	APT-Simulator	1623416858.0
2448	4656	APT-Simulator	1623416858.0
2449	4663	APT-Simulator	1623416858.0
2450	4658	APT-Simulator	1623416858.0
2451	4689	APT-Simulator	1623416858.0
2452	4689	APT-Simulator	1623416858.0
2453	4689	APT-Simulator	1623416858.0
2454	4688	APT-Simulator	1623416858.0
2455	5156		1623416858.0
2456	5156		1623416858.0
2457	5156		1623416859.0
2458	5156		1623416859.0
2459	4689	APT-Simulator	1623416859.0
2460	4688	APT-Simulator	1623416859.0
2461	4688	APT-Simulator	1623416859.0
2462	4688	APT-Simulator	1623416859.0
2463	4690	APT-Simulator	1623416859.0
2464	4658	APT-Simulator	1623416859.0
2465	4656	APT-Simulator	1623416859.0
2466	4663	APT-Simulator	1623416859.0
2467	4658	APT-Simulator	1623416859.0
2468	4690	APT-Simulator	1623416859.0
2469	4658	APT-Simulator	1623416859.0
2470	4656	APT-Simulator	1623416859.0
2471	4663	APT-Simulator	1623416859.0
2472	4658	APT-Simulator	1623416859.0
2473	4690	APT-Simulator	1623416859.0
2474	4658	APT-Simulator	1623416859.0
2475	4656	APT-Simulator	1623416859.0
2476	4663	APT-Simulator	1623416859.0
2477	4658	APT-Simulator	1623416859.0
2478	4689	APT-Simulator	1623416861.0
2479	4703	WORKSTATION5$	1623416861.0
2480	5158		1623416861.0
2481	5156		1623416861.0
2482	5156		1623416861.0
2483	4703	WORKSTATION5$	1623416861.0
2484	5140	APT-Simulator	1623416861.0
2485	5145	APT-Simulator	1623416861.0
2486	5145	APT-Simulator	1623416861.0
2487	5145	APT-Simulator	1623416861.0
2488	5145	APT-Simulator	1623416861.0
2489	5145	APT-Simulator	1623416861.0
2490	5145	APT-Simulator	1623416861.0
2491	5145	APT-Simulator	1623416861.0
2492	5145	APT-Simulator	1623416861.0
2493	5145	APT-Simulator	1623416861.0
2494	5145	APT-Simulator	1623416861.0
2495	5145	APT-Simulator	1623416861.0
2496	5145	APT-Simulator	1623416861.0
2497	5145	APT-Simulator	1623416861.0
2498	5145	APT-Simulator	1623416861.0
2499	4688	APT-Simulator	1623416861.0
2500	4697	APT-Simulator	1623416861.0
2501	4689	APT-Simulator	1623416861.0
2502	4688	APT-Simulator	1623416861.0
2503	4690	WORKSTATION5$	1623416861.0
2504	4658	WORKSTATION5$	1623416861.0
2505	4656	WORKSTATION5$	1623416861.0
2506	4658	WORKSTATION5$	1623416861.0
2507	4688	WORKSTATION5$	1623416861.0
2508	4690	WORKSTATION5$	1623416861.0
2509	4658	WORKSTATION5$	1623416861.0
2510	4656	WORKSTATION5$	1623416861.0
2511	4663	WORKSTATION5$	1623416861.0
2512	4658	WORKSTATION5$	1623416861.0
2513	4689	APT-Simulator	1623416861.0
2514	4689	APT-Simulator	1623416861.0
2515	4688	WORKSTATION5$	1623416861.0
2516	4688	WORKSTATION5$	1623416861.0
2517	4690	WORKSTATION5$	1623416861.0
2518	4658	WORKSTATION5$	1623416861.0
2519	4656	WORKSTATION5$	1623416861.0
2520	4663	WORKSTATION5$	1623416861.0
2521	4658	WORKSTATION5$	1623416861.0
2522	4690	WORKSTATION5$	1623416861.0
2523	4658	WORKSTATION5$	1623416861.0
2524	4656	WORKSTATION5$	1623416861.0
2525	4663	WORKSTATION5$	1623416861.0
2526	4658	WORKSTATION5$	1623416861.0
2527	4689	WORKSTATION5$	1623416861.0
2528	4689	WORKSTATION5$	1623416861.0
2529	4689	WORKSTATION5$	1623416861.0
2530	4689	APT-Simulator	1623416861.0
2531	4688	APT-Simulator	1623416861.0
2532	4689	APT-Simulator	1623416861.0
2533	4688	APT-Simulator	1623416861.0
2534	4703	WORKSTATION5$	1623416861.0
2535	4689	APT-Simulator	1623416861.0
2536	4688	APT-Simulator	1623416861.0
2537	4690	APT-Simulator	1623416861.0
2538	4658	APT-Simulator	1623416861.0
2539	4656	APT-Simulator	1623416861.0
2540	4663	APT-Simulator	1623416861.0
2541	4658	APT-Simulator	1623416861.0
2542	4689	APT-Simulator	1623416863.0
2543	4688	APT-Simulator	1623416863.0
2544	4690	APT-Simulator	1623416863.0
2545	4658	APT-Simulator	1623416863.0
2546	4656	APT-Simulator	1623416863.0
2547	4663	APT-Simulator	1623416863.0
2548	4658	APT-Simulator	1623416863.0
2549	4703	APT-Simulator	1623416863.0
2550	4690	APT-Simulator	1623416863.0
2551	4658	APT-Simulator	1623416863.0
2552	4656	APT-Simulator	1623416863.0
2553	4658	APT-Simulator	1623416863.0
2554	4703	WORKSTATION5$	1623416863.0
2555	4690	APT-Simulator	1623416863.0
2556	4658	APT-Simulator	1623416863.0
2557	4656	APT-Simulator	1623416863.0
2558	4663	APT-Simulator	1623416863.0
2559	4658	APT-Simulator	1623416863.0
2560	4689	APT-Simulator	1623416863.0
2561	4688	APT-Simulator	1623416863.0
2562	5156		1623416863.0
2563	5156		1623416863.0
2564	5156		1623416864.0
2565	5156		1623416864.0
2566	4689	APT-Simulator	1623416864.0
2567	4688	APT-Simulator	1623416864.0
2568	4690	APT-Simulator	1623416864.0
2569	4658	APT-Simulator	1623416864.0
2570	4656	APT-Simulator	1623416864.0
2571	4663	APT-Simulator	1623416864.0
2572	4658	APT-Simulator	1623416864.0
2573	5158		1623416864.0
2574	5156		1623416864.0
2575	5158		1623416867.0
2576	5156		1623416867.0
2577	4688	WORKSTATION5$	1623416869.0
2578	4688	WORKSTATION5$	1623416869.0
2579	4690	WORKSTATION5$	1623416869.0
2580	4658	WORKSTATION5$	1623416869.0
2581	4656	WORKSTATION5$	1623416869.0
2582	4663	WORKSTATION5$	1623416869.0
2583	4658	WORKSTATION5$	1623416869.0
2584	4690	WORKSTATION5$	1623416869.0
2585	4658	WORKSTATION5$	1623416869.0
2586	4656	WORKSTATION5$	1623416869.0
2587	4663	WORKSTATION5$	1623416869.0
2588	4658	WORKSTATION5$	1623416869.0
2589	4690	WORKSTATION5$	1623416869.0
2590	4658	WORKSTATION5$	1623416869.0
2591	4656	WORKSTATION5$	1623416869.0
2592	4658	WORKSTATION5$	1623416869.0
2593	4689	WORKSTATION5$	1623416869.0
2594	4689	WORKSTATION5$	1623416869.0
2595	5158		1623416882.0
2596	5156		1623416882.0
2597	4689	APT-Simulator	1623416885.0
2598	4688	APT-Simulator	1623416885.0
2599	4690	APT-Simulator	1623416885.0
2600	4658	APT-Simulator	1623416885.0
2601	4656	APT-Simulator	1623416885.0
2602	4663	APT-Simulator	1623416885.0
2603	4658	APT-Simulator	1623416885.0
2604	5158		1623416896.0
2605	5156		1623416896.0
2606	5158		1623416897.0
2607	5156		1623416897.0
2608	7045		1623416861.0
2609	7009		1623416861.0
2610	7000		1623416861.0
